<?xml version="1.0" encoding="utf-8"?>
<UnitConversions xmlns:xsd="http://www.w3.org/2001/XMLSchema" xmlns:xsi="http://www.w3.org/2001/XMLSchema-instance">
  <UnitConversion Label="m^2" Multiplier="1" Offset="0" ShowInUi="true" Default="true" DefaultLarge="false" DefaultNormal="false" DefaultSmall="false" />
  <UnitConversion Label="square meter" Multiplier="1" Offset="0" ShowInUi="false" Default="false" DefaultLarge="false" DefaultNormal="false" DefaultSmall="false" />
  <UnitConversion Label="square meters" Multiplier="1" Offset="0" ShowInUi="false" Default="false" DefaultLarge="false" DefaultNormal="false" DefaultSmall="false" />
  <UnitConversion Label="meters square" Multiplier="1" Offset="0" ShowInUi="false" Default="false" DefaultLarge="false" DefaultNormal="false" DefaultSmall="false" />
  <UnitConversion Label="ft^2" Multiplier="0.092903" Offset="0" ShowInUi="true" Default="false" DefaultLarge="false" DefaultNormal="false" DefaultSmall="false" />
  <UnitConversion Label="sqft" Multiplier="0.092903" Offset="0" ShowInUi="false" Default="false" DefaultLarge="false" DefaultNormal="false" DefaultSmall="false" />
  <UnitConversion Label="acres" Multiplier="4046.86" Offset="0" ShowInUi="true" Default="false" DefaultLarge="false" DefaultNormal="false" DefaultSmall="false" />
  <UnitConversion Label="mi^2" Multiplier="2589990" Offset="0" ShowInUi="true" Default="false" DefaultLarge="false" DefaultNormal="false" DefaultSmall="false" />
  <UnitConversion Label="square miles" Multiplier="2589990" Offset="0" ShowInUi="false" Default="false" DefaultLarge="false" DefaultNormal="false" DefaultSmall="false" />
  <UnitConversion Label="km^2" Multiplier="1000000" Offset="0" ShowInUi="true" Default="false" DefaultLarge="false" DefaultNormal="false" DefaultSmall="false" />
  <UnitConversion Label="sq km" Multiplier="1000000" Offset="0" ShowInUi="false" Default="false" DefaultLarge="false" DefaultNormal="false" DefaultSmall="false" />
</UnitConversions>