<?xml version="1.0" encoding="utf-8"?>
<UnitConversions xmlns:xsd="http://www.w3.org/2001/XMLSchema" xmlns:xsi="http://www.w3.org/2001/XMLSchema-instance">
  <UnitConversion Label="Tb per second" Multiplier="1000000000000" Offset="0" ShowInUi="false" Default="false" DefaultLarge="false" DefaultNormal="false" DefaultSmall="false" />
  <UnitConversion Label="Gb per second" Multiplier="1000000000" Offset="0" ShowInUi="false" Default="false" DefaultLarge="false" DefaultNormal="false" DefaultSmall="false" />
  <UnitConversion Label="Mb per second" Multiplier="1000000" Offset="0" ShowInUi="false" Default="false" DefaultLarge="false" DefaultNormal="false" DefaultSmall="false" />
  <UnitConversion Label="kb per second" Multiplier="1000" Offset="0" ShowInUi="false" Default="false" DefaultLarge="false" DefaultNormal="false" DefaultSmall="false" />
  <UnitConversion Label="bits per second" Multiplier="1" Offset="0" ShowInUi="false" Default="false" DefaultLarge="false" DefaultNormal="false" DefaultSmall="false" />
  <UnitConversion Label="Tb/s" Multiplier="1000000000000" Offset="0" ShowInUi="true" Default="false" DefaultLarge="false" DefaultNormal="false" DefaultSmall="false" />
  <UnitConversion Label="Gb/s" Multiplier="1000000000" Offset="0" ShowInUi="true" Default="false" DefaultLarge="false" DefaultNormal="false" DefaultSmall="false" />
  <UnitConversion Label="Mb/s" Multiplier="1000000" Offset="0" ShowInUi="true" Default="true" DefaultLarge="false" DefaultNormal="false" DefaultSmall="false" />
  <UnitConversion Label="kb/s" Multiplier="1000" Offset="0" ShowInUi="true" Default="false" DefaultLarge="false" DefaultNormal="false" DefaultSmall="false" />
  <UnitConversion Label="b/s" Multiplier="1" Offset="0" ShowInUi="false" Default="false" DefaultLarge="false" DefaultNormal="false" DefaultSmall="false" />
  <UnitConversion Label="bits/s" Multiplier="1" Offset="0" ShowInUi="true" Default="false" DefaultLarge="false" DefaultNormal="false" DefaultSmall="false" />
  <UnitConversion Label="Tb/sec" Multiplier="1000000000000" Offset="0" ShowInUi="false" Default="false" DefaultLarge="false" DefaultNormal="false" DefaultSmall="false" />
  <UnitConversion Label="Gb/sec" Multiplier="1000000000" Offset="0" ShowInUi="false" Default="false" DefaultLarge="false" DefaultNormal="false" DefaultSmall="false" />
  <UnitConversion Label="Mb/sec" Multiplier="1000000" Offset="0" ShowInUi="false" Default="false" DefaultLarge="false" DefaultNormal="false" DefaultSmall="false" />
  <UnitConversion Label="kb/sec" Multiplier="1000" Offset="0" ShowInUi="false" Default="false" DefaultLarge="false" DefaultNormal="false" DefaultSmall="false" />
  <UnitConversion Label="b/sec" Multiplier="1" Offset="0" ShowInUi="false" Default="false" DefaultLarge="false" DefaultNormal="false" DefaultSmall="false" />
  <UnitConversion Label="bits/sec" Multiplier="1" Offset="0" ShowInUi="false" Default="false" DefaultLarge="false" DefaultNormal="false" DefaultSmall="false" />
</UnitConversions>