<?xml version="1.0" encoding="utf-8"?>
<UnitConversions xmlns:xsd="http://www.w3.org/2001/XMLSchema" xmlns:xsi="http://www.w3.org/2001/XMLSchema-instance">
  <UnitConversion Label="watt" Multiplier="1" Offset="0" ShowInUi="false" Default="false" DefaultLarge="false" DefaultNormal="false" DefaultSmall="false" />
  <UnitConversion Label="watts" Multiplier="1" Offset="0" ShowInUi="false" Default="false" DefaultLarge="false" DefaultNormal="false" DefaultSmall="false" />
  <UnitConversion Label="TW" Multiplier="1000000000000" Offset="0" ShowInUi="true" Default="true" DefaultLarge="false" DefaultNormal="false" DefaultSmall="false" />
  <UnitConversion Label="GW" Multiplier="1000000000" Offset="0" ShowInUi="true" Default="false" DefaultLarge="false" DefaultNormal="false" DefaultSmall="false" />
  <UnitConversion Label="MegaWatts" Multiplier="1000000" Offset="0" ShowInUi="true" Default="false" DefaultLarge="false" DefaultNormal="false" DefaultSmall="false" />
  <UnitConversion Label="MegaWatt" Multiplier="1000000" Offset="0" ShowInUi="true" Default="false" DefaultLarge="false" DefaultNormal="false" DefaultSmall="false" />
  <UnitConversion Label="kW" Multiplier="1000" Offset="0" ShowInUi="true" Default="false" DefaultLarge="false" DefaultNormal="false" DefaultSmall="false" />
  <UnitConversion Label="W" Multiplier="1" Offset="0" ShowInUi="true" Default="false" DefaultLarge="false" DefaultNormal="false" DefaultSmall="false" />
  <UnitConversion Label="milliWatts" Multiplier="0.001" Offset="0" ShowInUi="true" Default="false" DefaultLarge="false" DefaultNormal="false" DefaultSmall="false" />
  <UnitConversion Label="milliWatt" Multiplier="0.001" Offset="0" ShowInUi="true" Default="false" DefaultLarge="false" DefaultNormal="false" DefaultSmall="false" />
  <UnitConversion Label="uW" Multiplier="1E-06" Offset="0" ShowInUi="true" Default="false" DefaultLarge="false" DefaultNormal="false" DefaultSmall="false" />
  <UnitConversion Label="nW" Multiplier="1E-09" Offset="0" ShowInUi="true" Default="false" DefaultLarge="false" DefaultNormal="false" DefaultSmall="false" />
  <UnitConversion Label="pW" Multiplier="1E-12" Offset="0" ShowInUi="true" Default="false" DefaultLarge="false" DefaultNormal="false" DefaultSmall="false" />
  <UnitConversion Label="dBW" Multiplier="-1" Offset="0" ShowInUi="true" Default="false" DefaultLarge="false" DefaultNormal="false" DefaultSmall="false" Converter="Decibel" />
  <UnitConversion Label="dBm" Multiplier="-1" Offset="0" ShowInUi="true" Default="false" DefaultLarge="false" DefaultNormal="false" DefaultSmall="false" Converter="Decibel" />
  <UnitConversion Label="dBnW" Multiplier="-1" Offset="0" ShowInUi="true" Default="false" DefaultLarge="false" DefaultNormal="false" DefaultSmall="false" Converter="Decibel" />
  <UnitConversion Label="dBpW" Multiplier="-1" Offset="0" ShowInUi="true" Default="false" DefaultLarge="false" DefaultNormal="false" DefaultSmall="false" Converter="Decibel" />
  <UnitConversion Label="dBuW" Multiplier="-1" Offset="0" ShowInUi="true" Default="false" DefaultLarge="false" DefaultNormal="false" DefaultSmall="false" Converter="Decibel" />
</UnitConversions>