Timestamp,UTC,Callsign,Position,Altitude (ft),Altitude (km),Speed (knots),Speed (km/s),Direction
1660119098,2022-08-10T08:11:38Z,ACA536,"20.893669,-156.436218",0,0,0,0,306
1660119655,2022-08-10T08:20:55Z,ACA536,"20.893541,-156.436005",0,0,3,0.001543332,295
1660119675,2022-08-10T08:21:15Z,ACA536,"20.893456,-156.435776",0,0,3,0.001543332,261
1660119694,2022-08-10T08:21:34Z,ACA536,"20.89349,-156.435562",0,0,2,0.001028888,210
1660120134,2022-08-10T08:28:54Z,ACA536,"20.893272,-156.435486",0,0,4,0.002057776,168
1660120145,2022-08-10T08:29:05Z,ACA536,"20.893055,-156.43541",0,0,5,0.00257222,160
1660120153,2022-08-10T08:29:13Z,ACA536,"20.892841,-156.435364",0,0,6,0.003086664,174
1660120160,2022-08-10T08:29:20Z,ACA536,"20.892632,-156.43541",0,0,7,0.003601108,191
1660120167,2022-08-10T08:29:27Z,ACA536,"20.892426,-156.435516",0,0,7,0.003601108,208
1660120174,2022-08-10T08:29:34Z,ACA536,"20.892214,-156.435669",0,0,7,0.003601108,213
1660120182,2022-08-10T08:29:42Z,ACA536,"20.892002,-156.435822",0,0,7,0.003601108,213
1660120189,2022-08-10T08:29:49Z,ACA536,"20.891785,-156.435974",0,0,8,0.004115552,213
1660120197,2022-08-10T08:29:57Z,ACA536,"20.891567,-156.436157",0,0,8,0.004115552,213
1660120203,2022-08-10T08:30:03Z,ACA536,"20.891365,-156.436295",0,0,9,0.004629996,213
1660120209,2022-08-10T08:30:09Z,ACA536,"20.891155,-156.436462",0,0,9,0.004629996,213
1660120216,2022-08-10T08:30:16Z,ACA536,"20.890934,-156.43663",0,0,9,0.004629996,213
1660120222,2022-08-10T08:30:22Z,ACA536,"20.890713,-156.436783",0,0,10,0.00514444,213
1660120229,2022-08-10T08:30:29Z,ACA536,"20.89048,-156.436966",0,0,8,0.004115552,213
1660120238,2022-08-10T08:30:38Z,ACA536,"20.89027,-156.437103",0,0,5,0.00257222,213
1660120249,2022-08-10T08:30:49Z,ACA536,"20.890049,-156.43721",0,0,5,0.00257222,194
1660120259,2022-08-10T08:30:59Z,ACA536,"20.889839,-156.437088",0,0,5,0.00257222,143
1660120269,2022-08-10T08:31:09Z,ACA536,"20.889656,-156.436859",0,0,6,0.003086664,126
1660120278,2022-08-10T08:31:18Z,ACA536,"20.889513,-156.43663",0,0,7,0.003601108,123
1660120287,2022-08-10T08:31:27Z,ACA536,"20.889362,-156.436417",0,0,5,0.00257222,123
1660120298,2022-08-10T08:31:38Z,ACA536,"20.889421,-156.436203",0,0,4,0.002057776,64
1660120309,2022-08-10T08:31:49Z,ACA536,"20.889641,-156.436005",0,0,9,0.004629996,36
1660120313,2022-08-10T08:31:53Z,ACA536,"20.889933,-156.435776",0,0,24,0.012346656,36
1660120316,2022-08-10T08:31:56Z,ACA536,"20.890327,-156.435471",0,0,39,0.020063316,33
1660120318,2022-08-10T08:31:58Z,ACA536,"20.890678,-156.435226",0,0,50,0.0257222,33
1660120320,2022-08-10T08:32:00Z,ACA536,"20.891201,-156.43483",0,0,60,0.03086664,36
1660120322,2022-08-10T08:32:02Z,ACA536,"20.891609,-156.434525",0,0,70,0.03601108,36
1660120324,2022-08-10T08:32:04Z,ACA536,"20.892027,-156.434219",0,0,74,0.038068856,36
1660120326,2022-08-10T08:32:06Z,ACA536,"20.8927,-156.433731",0,0,84,0.043213296,34
1660120331,2022-08-10T08:32:11Z,ACA536,"20.894926,-156.432022",0,0,110,0.05658884,34
1660120338,2022-08-10T08:32:18Z,ACA536,"20.897919,-156.429871",0,0,138,0.070993272,35
1660120344,2022-08-10T08:32:24Z,ACA536,"20.901302,-156.427292",0,0,157,0.080767708,34
1660120350,2022-08-10T08:32:30Z,ACA536,"20.905518,-156.424271",100,0.03048,161,0.082825484,33
1660120357,2022-08-10T08:32:37Z,ACA536,"20.909683,-156.421448",375,0.1143,164,0.084368816,31
1660120363,2022-08-10T08:32:43Z,ACA536,"20.913778,-156.418991",575,0.17526,172,0.088484368,28
1660120366,2022-08-10T08:32:46Z,ACA536,"20.91634,-156.417648",725,0.22098,175,0.0900277,25
1660120369,2022-08-10T08:32:49Z,ACA536,"20.918518,-156.416672",825,0.25146,178,0.091571032,22
1660120373,2022-08-10T08:32:53Z,ACA536,"20.921173,-156.415634",950,0.28956,183,0.094143252,18
1660120376,2022-08-10T08:32:56Z,ACA536,"20.923695,-156.414902",1050,0.32004,187,0.096201028,15
1660120379,2022-08-10T08:32:59Z,ACA536,"20.926441,-156.4142",1175,0.35814,190,0.09774436,12
1660120382,2022-08-10T08:33:02Z,ACA536,"20.929281,-156.413696",1250,0.381,196,0.100831024,8
1660120385,2022-08-10T08:33:05Z,ACA536,"20.932022,-156.413284",1325,0.40386,199,0.102374356,6
1660120388,2022-08-10T08:33:08Z,ACA536,"20.934952,-156.41304",1375,0.4191,203,0.104432132,4
1660120391,2022-08-10T08:33:11Z,ACA536,"20.937799,-156.412857",1425,0.43434,209,0.107518796,3
1660120394,2022-08-10T08:33:14Z,ACA536,"20.94104,-156.412643",1475,0.44958,214,0.110091016,2
1660120397,2022-08-10T08:33:17Z,ACA536,"20.944153,-156.412506",1525,0.46482,219,0.112663236,2
1660120401,2022-08-10T08:33:21Z,ACA536,"20.947449,-156.412399",1575,0.48006,224,0.115235456,2
1660120403,2022-08-10T08:33:23Z,ACA536,"20.95023,-156.412308",1625,0.4953,228,0.117293232,1
1660120406,2022-08-10T08:33:26Z,ACA536,"20.953535,-156.412247",1675,0.51054,233,0.119865452,1
1660120409,2022-08-10T08:33:29Z,ACA536,"20.957062,-156.412155",1750,0.5334,236,0.121408784,1
1660120413,2022-08-10T08:33:33Z,ACA536,"20.960564,-156.412109",1825,0.55626,239,0.122952116,1
1660120419,2022-08-10T08:33:39Z,ACA536,"20.967175,-156.411957",2000,0.6096,245,0.12603878,1
1660120425,2022-08-10T08:33:45Z,ACA536,"20.974228,-156.411819",2175,0.66294,252,0.129639888,1
1660120431,2022-08-10T08:33:51Z,ACA536,"20.981415,-156.411667",2325,0.70866,261,0.134269884,1
1660120438,2022-08-10T08:33:58Z,ACA536,"20.989985,-156.411362",2525,0.76962,265,0.13632766,2
1660120443,2022-08-10T08:34:03Z,ACA536,"20.997015,-156.411057",2800,0.85344,265,0.13632766,2
1660120450,2022-08-10T08:34:10Z,ACA536,"21.004509,-156.410706",3050,0.92964,267,0.137356548,2
1660120456,2022-08-10T08:34:16Z,ACA536,"21.012634,-156.410248",3350,1.02108,269,0.138385436,2
1660120462,2022-08-10T08:34:22Z,ACA536,"21.020325,-156.409805",3650,1.11252,269,0.138385436,2
1660120468,2022-08-10T08:34:28Z,ACA536,"21.027191,-156.409409",3925,1.19634,270,0.13889988,3
1660120474,2022-08-10T08:34:34Z,ACA536,"21.035202,-156.408859",4175,1.27254,273,0.140443212,3
1660120480,2022-08-10T08:34:40Z,ACA536,"21.043427,-156.408234",4450,1.35636,274,0.140957656,4
1660120487,2022-08-10T08:34:47Z,ACA536,"21.05176,-156.407516",4725,1.44018,275,0.1414721,4
1660120493,2022-08-10T08:34:53Z,ACA536,"21.059647,-156.406906",5000,1.524,276,0.141986544,4
1660120505,2022-08-10T08:35:05Z,ACA536,"21.074524,-156.405609",5550,1.69164,278,0.143015432,4
1660120518,2022-08-10T08:35:18Z,ACA536,"21.091141,-156.404068",6000,1.8288,283,0.145587652,4
1660120530,2022-08-10T08:35:30Z,ACA536,"21.107437,-156.402542",6575,2.00406,282,0.145073208,5
1660120543,2022-08-10T08:35:43Z,ACA536,"21.124008,-156.400864",7100,2.16408,283,0.145587652,5
1660120555,2022-08-10T08:35:55Z,ACA536,"21.140533,-156.398727",7525,2.29362,286,0.147130984,8
1660120568,2022-08-10T08:36:08Z,ACA536,"21.156456,-156.395004",8075,2.46126,283,0.145587652,15
1660120571,2022-08-10T08:36:11Z,ACA536,"21.160273,-156.393845",8175,2.49174,284,0.146102096,16
1660120573,2022-08-10T08:36:13Z,ACA536,"21.163376,-156.392883",8250,2.5146,285,0.14661654,16
1660120577,2022-08-10T08:36:17Z,ACA536,"21.16828,-156.391342",8375,2.5527,285,0.14661654,16
1660120580,2022-08-10T08:36:20Z,ACA536,"21.17189,-156.390182",8500,2.5908,285,0.14661654,17
1660120583,2022-08-10T08:36:23Z,ACA536,"21.175821,-156.388855",8625,2.6289,285,0.14661654,17
1660120589,2022-08-10T08:36:29Z,ACA536,"21.183689,-156.386215",8875,2.7051,285,0.14661654,17
1660120602,2022-08-10T08:36:42Z,ACA536,"21.200043,-156.380692",9425,2.87274,286,0.147130984,17
1660120614,2022-08-10T08:36:54Z,ACA536,"21.215103,-156.375854",9875,3.0099,288,0.148159872,16
1660120627,2022-08-10T08:37:07Z,ACA536,"21.23229,-156.37059",10275,3.13182,294,0.151246536,15
1660120639,2022-08-10T08:37:19Z,ACA536,"21.248978,-156.365463",10500,3.2004,306,0.157419864,16
1660120652,2022-08-10T08:37:32Z,ACA536,"21.266506,-156.360062",10725,3.26898,317,0.163078748,16
1660120664,2022-08-10T08:37:44Z,ACA536,"21.284615,-156.354477",10900,3.32232,330,0.16976652,16
1660120676,2022-08-10T08:37:56Z,ACA536,"21.301838,-156.349182",11125,3.3909,340,0.17491096,16
1660120688,2022-08-10T08:38:08Z,ACA536,"21.320847,-156.343338",11325,3.45186,350,0.1800554,16
1660120701,2022-08-10T08:38:21Z,ACA536,"21.341314,-156.337021",11750,3.5814,355,0.18262762,16
1660120714,2022-08-10T08:38:34Z,ACA536,"21.361404,-156.330811",12225,3.72618,357,0.183656508,16
1660120745,2022-08-10T08:39:05Z,ACA536,"21.410706,-156.315521",13300,4.05384,362,0.186228728,16
1660120776,2022-08-10T08:39:36Z,ACA536,"21.463074,-156.29924",14075,4.29006,375,0.1929165,16
1660120810,2022-08-10T08:40:10Z,ACA536,"21.520262,-156.28154",14925,4.54914,384,0.197546496,16
1660120844,2022-08-10T08:40:44Z,ACA536,"21.579569,-156.263168",15800,4.81584,391,0.201147604,16
1660120875,2022-08-10T08:41:15Z,ACA536,"21.633911,-156.246262",16650,5.07492,392,0.201662048,16
1660120907,2022-08-10T08:41:47Z,ACA536,"21.688843,-156.229126",17425,5.31114,396,0.203719824,16
1660120937,2022-08-10T08:42:17Z,ACA536,"21.743866,-156.21196",18025,5.49402,403,0.207320932,16
1660121001,2022-08-10T08:43:21Z,ACA536,"21.858603,-156.176193",19325,5.89026,413,0.212465372,16
1660121062,2022-08-10T08:44:22Z,ACA536,"21.97435,-156.140091",20475,6.24078,425,0.2186387,16
1660121124,2022-08-10T08:45:24Z,ACA536,"22.091721,-156.104492",21625,6.5913,434,0.223268696,16
1660121186,2022-08-10T08:46:26Z,ACA536,"22.211935,-156.066437",22850,6.96468,440,0.22635536,16
1660121246,2022-08-10T08:47:26Z,ACA536,"22.332319,-156.028091",23950,7.29996,451,0.232014244,16
1660121311,2022-08-10T08:48:31Z,ACA536,"22.464947,-155.986282",25275,7.70382,458,0.235615352,16
1660121373,2022-08-10T08:49:33Z,ACA536,"22.592422,-155.946182",26425,8.05434,466,0.239730904,16
1660121435,2022-08-10T08:50:35Z,ACA536,"22.722427,-155.905182",27575,8.40486,471,0.242303124,16
1660121497,2022-08-10T08:51:37Z,ACA536,"22.851471,-155.864334",28650,8.73252,475,0.2443609,16
1660121558,2022-08-10T08:52:38Z,ACA536,"22.982002,-155.822952",29625,9.0297,480,0.24693312,16
1660121622,2022-08-10T08:53:42Z,ACA536,"23.118942,-155.779434",30950,9.43356,477,0.245389788,16
1660121686,2022-08-10T08:54:46Z,ACA536,"23.25412,-155.73645",32250,9.8298,474,0.243846456,16
1660121748,2022-08-10T08:55:48Z,ACA536,"23.38398,-155.694733",33250,10.1346,476,0.244875344,16
1660121827,2022-08-10T08:57:07Z,ACA536,"23.551289,-155.641495",34325,10.46226,480,0.24693312,16
1660121904,2022-08-10T08:58:24Z,ACA536,"23.71701,-155.588425",35000,10.668,481,0.247447564,16
1660121963,2022-08-10T08:59:23Z,ACA536,"23.842346,-155.547592",35000,10.668,480,0.24693312,16
1660122029,2022-08-10T09:00:29Z,ACA536,"23.9832,-155.502121",35000,10.668,478,0.245904232,16
1660122089,2022-08-10T09:01:29Z,ACA536,"24.112473,-155.460709",35000,10.668,478,0.245904232,16
1660122150,2022-08-10T09:02:30Z,ACA536,"24.242157,-155.4189",35000,10.668,479,0.246418676,16
1660122211,2022-08-10T09:03:31Z,ACA536,"24.372145,-155.37674",35000,10.668,481,0.247447564,16
1660122253,2022-08-10T09:04:13Z,ACA536,"24.460876,-155.347794",35000,10.668,481,0.247447564,16
1660122280,2022-08-10T09:04:40Z,ACA536,"24.515259,-155.330154",35000,10.668,479,0.246418676,16
1660122365,2022-08-10T09:06:05Z,ACA536,"24.650026,-155.281113",35000,10.668,480,0.24693312,14
1660122422,2022-08-10T09:07:02Z,ACA536,"24.756496,-155.230682",35000,10.668,480,0.24693312,24
1660122481,2022-08-10T09:08:01Z,ACA536,"24.863079,-155.161011",35000,10.668,480,0.24693312,37
1660122545,2022-08-10T09:09:05Z,ACA536,"25.038254,-155.037186",35000,10.668,482,0.247962008,33
1660122656,2022-08-10T09:10:56Z,ACA536,"25.23436,-154.911102",35000,10.668,480,0.24693312,32
1660122715,2022-08-10T09:11:55Z,ACA536,"25.341036,-154.825684",35000,10.668,480,0.24693312,32
1660123073,2022-08-10T09:17:53Z,ACA536,"25.998388,-154.353348",35000,10.668,488,0.251048672,32
1660123658,2022-08-10T09:27:38Z,ACA536,"27.081184,-153.554672",35000,10.668,489,0.251563116,33
1660124223,2022-08-10T09:37:03Z,ACA536,"28.160414,-152.727203",35000,10.668,491,0.252592004,34
1660124809,2022-08-10T09:46:49Z,ACA536,"29.252777,-151.883499",35000,10.668,491,0.252592004,33
1660125335,2022-08-10T09:55:35Z,ACA536,"30.219507,-151.118301",37000,11.2776,492,0.253106448,34
1660125374,2022-08-10T09:56:14Z,ACA536,"30.305696,-151.038116",37000,11.2776,492,0.253106448,40
1660125959,2022-08-10T10:05:59Z,ACA536,"31.249434,-149.956894",37000,11.2776,491,0.252592004,45
1660126546,2022-08-10T10:15:46Z,ACA536,"32.172394,-148.841095",37000,11.2776,496,0.255164224,44
1660127114,2022-08-10T10:25:14Z,ACA536,"33.09724,-147.694901",37000,11.2776,499,0.256707556,45
1660127702,2022-08-10T10:35:02Z,ACA536,"34.03508,-146.503952",37000,11.2776,499,0.256707556,46
1660128262,2022-08-10T10:44:22Z,ACA536,"34.94759,-145.31012",37000,11.2776,511,0.262880884,46
1660128299,2022-08-10T10:44:59Z,ACA536,"35.004589,-145.240067",37000,11.2776,476,0.244875344,39
1660128847,2022-08-10T10:54:07Z,ACA536,"35.824635,-144.129379",37000,11.2776,468,0.240759792,47
1660129420,2022-08-10T11:03:40Z,ACA536,"36.655186,-142.951508",37000,11.2776,467,0.240245348,48
1660129996,2022-08-10T11:13:16Z,ACA536,"37.485031,-141.738785",37000,11.2776,466,0.239730904,48
1660131713,2022-08-10T11:41:53Z,ACA536,"39.803783,-138.11734",37000,11.2776,449,0.230985356,49
1660131733,2022-08-10T11:42:13Z,ACA536,"39.825115,-138.085541",37000,11.2776,449,0.230985356,37
1660132299,2022-08-10T11:51:39Z,ACA536,"40.77491,-137.149582",37000,11.2776,450,0.2314998,35
1660132864,2022-08-10T12:01:04Z,ACA536,"41.758778,-136.242462",37000,11.2776,447,0.229956468,35
1660133448,2022-08-10T12:10:48Z,ACA536,"42.73772,-135.283798",37000,11.2776,448,0.230470912,36
1660133624,2022-08-10T12:13:44Z,ACA536,"43.013634,-134.997513",37000,11.2776,450,0.2314998,37
1660134034,2022-08-10T12:20:34Z,ACA536,"43.587357,-134.152618",37000,11.2776,453,0.233043132,48
1660134601,2022-08-10T12:30:01Z,ACA536,"44.357094,-132.873657",37000,11.2776,455,0.23407202,48
1660135187,2022-08-10T12:39:47Z,ACA536,"45.137424,-131.541092",37000,11.2776,456,0.234586464,49
1660135770,2022-08-10T12:49:30Z,ACA536,"45.902481,-130.189438",37000,11.2776,453,0.233043132,50
1660135850,2022-08-10T12:50:50Z,ACA536,"46.004955,-130.000305",37000,11.2776,467,0.240245348,51
1660136298,2022-08-10T12:58:18Z,ACA536,"51.905823,-126.388832",36000,10.9728,480,0.24693312,293
1660136375,2022-08-10T12:59:35Z,ACA536,"46.862183,-128.831039",37000,11.2776,467,0.240245348,43
1660136461,2022-08-10T13:01:01Z,ACA536,"46.997726,-128.641525",37000,11.2776,470,0.24178868,43
1660136523,2022-08-10T13:02:03Z,ACA536,"47.094772,-128.505768",37000,11.2776,472,0.242817568,43
1660136548,2022-08-10T13:02:28Z,ACA536,"47.134735,-128.449677",37000,11.2776,473,0.243332012,43
1660136608,2022-08-10T13:03:28Z,ACA536,"47.229218,-128.316742",37000,11.2776,475,0.2443609,43
1660136696,2022-08-10T13:04:56Z,ACA536,"47.36853,-128.119034",37000,11.2776,477,0.245389788,44
1660136707,2022-08-10T13:05:07Z,ACA536,"47.385941,-128.094101",37000,11.2776,477,0.245389788,44
1660136797,2022-08-10T13:06:37Z,ACA536,"47.52816,-127.889664",37025,11.28522,479,0.246418676,44
1660136808,2022-08-10T13:06:48Z,ACA536,"47.545895,-127.86438",37000,11.2776,480,0.24693312,43
1660136896,2022-08-10T13:08:16Z,ACA536,"47.683914,-127.65873",37000,11.2776,477,0.245389788,49
1660136958,2022-08-10T13:09:18Z,ACA536,"47.769516,-127.503136",37000,11.2776,474,0.243846456,50
1660137020,2022-08-10T13:10:20Z,ACA536,"47.855164,-127.348297",37000,11.2776,474,0.243846456,50
1660137082,2022-08-10T13:11:22Z,ACA536,"47.940216,-127.193253",37000,11.2776,473,0.243332012,50
1660137142,2022-08-10T13:12:22Z,ACA536,"48.02449,-127.03862",37000,11.2776,478,0.245904232,51
1660137204,2022-08-10T13:13:24Z,ACA536,"48.110992,-126.878357",37000,11.2776,482,0.247962008,51
1660137266,2022-08-10T13:14:26Z,ACA536,"48.194321,-126.721802",37000,11.2776,483,0.248476452,51
1660137328,2022-08-10T13:15:28Z,ACA536,"48.282761,-126.556587",37000,11.2776,486,0.250019784,51
1660137343,2022-08-10T13:15:43Z,ACA536,"48.307163,-126.519569",37025,11.28522,495,0.25464978,39
1660137345,2022-08-10T13:15:45Z,ACA536,"48.311646,-126.514542",37000,11.2776,497,0.255678668,36
1660137349,2022-08-10T13:15:49Z,ACA536,"48.318195,-126.5075",37000,11.2776,498,0.256193112,35
1660137352,2022-08-10T13:15:52Z,ACA536,"48.323959,-126.501579",37000,11.2776,499,0.256707556,34
1660137355,2022-08-10T13:15:55Z,ACA536,"48.329834,-126.495499",37000,11.2776,499,0.256707556,34
1660137358,2022-08-10T13:15:58Z,ACA536,"48.335678,-126.48954",37000,11.2776,499,0.256707556,34
1660137361,2022-08-10T13:16:01Z,ACA536,"48.34124,-126.483864",37000,11.2776,500,0.257222,34
1660137364,2022-08-10T13:16:04Z,ACA536,"48.347351,-126.477638",37000,11.2776,499,0.256707556,34
1660137367,2022-08-10T13:16:07Z,ACA536,"48.353119,-126.471794",37000,11.2776,499,0.256707556,34
1660137429,2022-08-10T13:17:09Z,ACA536,"48.470608,-126.352745",36725,11.19378,501,0.257736444,34
1660137492,2022-08-10T13:18:12Z,ACA536,"48.595833,-126.241943",34550,10.53084,496,0.255164224,26
1660137555,2022-08-10T13:19:15Z,ACA536,"48.725807,-126.152534",32475,9.89838,473,0.243332012,23
1660137618,2022-08-10T13:20:18Z,ACA536,"48.851761,-126.077133",31075,9.47166,451,0.232014244,19
1660137679,2022-08-10T13:21:19Z,ACA536,"48.969543,-126.012405",29475,8.98398,453,0.233043132,20
1660137691,2022-08-10T13:21:31Z,ACA536,"48.992432,-125.99649",29125,8.8773,443,0.227898692,30
1660137694,2022-08-10T13:21:34Z,ACA536,"48.997375,-125.991631",29050,8.85444,441,0.226869804,32
1660137697,2022-08-10T13:21:37Z,ACA536,"49.002888,-125.985504",28950,8.82396,438,0.225326472,37
1660137700,2022-08-10T13:21:40Z,ACA536,"49.007637,-125.9795",28875,8.8011,435,0.22378314,40
1660137703,2022-08-10T13:21:43Z,ACA536,"49.011406,-125.974083",28800,8.77824,433,0.222754252,44
1660137706,2022-08-10T13:21:46Z,ACA536,"49.01569,-125.967216",28675,8.74014,430,0.22121092,47
1660137709,2022-08-10T13:21:49Z,ACA536,"49.019554,-125.960274",28600,8.71728,428,0.220182032,50
1660137712,2022-08-10T13:21:52Z,ACA536,"49.023232,-125.952827",28525,8.69442,426,0.219153144,54
1660137715,2022-08-10T13:21:55Z,ACA536,"49.026398,-125.945679",28475,8.67918,424,0.218124256,57
1660137718,2022-08-10T13:21:58Z,ACA536,"49.029236,-125.938461",28425,8.66394,423,0.217609812,59
1660137721,2022-08-10T13:22:01Z,ACA536,"49.032448,-125.929344",28375,8.6487,422,0.217095368,62
1660137724,2022-08-10T13:22:04Z,ACA536,"49.034592,-125.922264",28325,8.63346,420,0.21606648,65
1660137726,2022-08-10T13:22:06Z,ACA536,"49.036636,-125.91481",28275,8.61822,420,0.21606648,67
1660137730,2022-08-10T13:22:10Z,ACA536,"49.038895,-125.90522",28225,8.60298,419,0.215552036,70
1660137733,2022-08-10T13:22:13Z,ACA536,"49.040596,-125.896812",28175,8.58774,418,0.215037592,74
1660137736,2022-08-10T13:22:16Z,ACA536,"49.042007,-125.888107",28125,8.5725,418,0.215037592,76
1660137739,2022-08-10T13:22:19Z,ACA536,"49.042923,-125.881134",28075,8.55726,417,0.214523148,78
1660137742,2022-08-10T13:22:22Z,ACA536,"49.043884,-125.872406",28025,8.54202,417,0.214523148,82
1660137745,2022-08-10T13:22:25Z,ACA536,"49.044552,-125.863495",27975,8.52678,417,0.214523148,83
1660137748,2022-08-10T13:22:28Z,ACA536,"49.044971,-125.853447",27925,8.51154,416,0.214008704,86
1660137751,2022-08-10T13:22:31Z,ACA536,"49.045166,-125.845146",27875,8.4963,415,0.21349426,88
1660137754,2022-08-10T13:22:34Z,ACA536,"49.045395,-125.835785",27800,8.47344,415,0.21349426,88
1660137757,2022-08-10T13:22:37Z,ACA536,"49.045624,-125.82663",27750,8.4582,415,0.21349426,87
1660137760,2022-08-10T13:22:40Z,ACA536,"49.045807,-125.818954",27700,8.44296,414,0.212979816,87
1660137763,2022-08-10T13:22:43Z,ACA536,"49.046127,-125.809021",27650,8.42772,414,0.212979816,87
1660137764,2022-08-10T13:22:44Z,ACA536,"49.046181,-125.805885",27625,8.4201,414,0.212979816,87
1660137829,2022-08-10T13:23:49Z,ACA536,"49.050476,-125.618729",26575,8.10006,406,0.208864264,88
1660137892,2022-08-10T13:24:52Z,ACA536,"49.053768,-125.440231",24625,7.5057,394,0.202690936,88
1660137952,2022-08-10T13:25:52Z,ACA536,"49.056793,-125.275223",22500,6.858,385,0.19806094,88
1660138016,2022-08-10T13:26:56Z,ACA536,"49.059681,-125.108833",20300,6.18744,360,0.18519984,88
1660138079,2022-08-10T13:27:59Z,ACA536,"49.061821,-124.949608",18125,5.5245,359,0.184685396,88
1660138143,2022-08-10T13:29:03Z,ACA536,"49.066757,-124.795288",16900,5.15112,326,0.167708744,76
1660138146,2022-08-10T13:29:06Z,ACA536,"49.067917,-124.788841",16825,5.12826,325,0.1671943,74
1660138149,2022-08-10T13:29:09Z,ACA536,"49.069412,-124.7817",16775,5.11302,325,0.1671943,72
1660138152,2022-08-10T13:29:12Z,ACA536,"49.071133,-124.77433",16700,5.09016,323,0.166165412,69
1660138154,2022-08-10T13:29:14Z,ACA536,"49.071991,-124.771095",16650,5.07492,324,0.166679856,71
1660138157,2022-08-10T13:29:17Z,ACA536,"49.073822,-124.764542",16600,5.05968,323,0.166165412,65
1660138160,2022-08-10T13:29:20Z,ACA536,"49.075928,-124.7575",16575,5.05206,322,0.165650968,65
1660138164,2022-08-10T13:29:24Z,ACA536,"49.077885,-124.750984",16525,5.03682,320,0.16462208,65
1660138167,2022-08-10T13:29:27Z,ACA536,"49.079727,-124.744614",16450,5.01396,319,0.164107636,66
1660138200,2022-08-10T13:30:00Z,ACA536,"49.099182,-124.676514",15675,4.77774,316,0.162564304,66
1660138233,2022-08-10T13:30:33Z,ACA536,"49.118988,-124.609467",14900,4.54152,314,0.161535416,65
1660138263,2022-08-10T13:31:03Z,ACA536,"49.13681,-124.548691",14200,4.32816,313,0.161020972,66
1660138294,2022-08-10T13:31:34Z,ACA536,"49.155022,-124.486229",13500,4.1148,311,0.159992084,65
1660138327,2022-08-10T13:32:07Z,ACA536,"49.174526,-124.419662",12725,3.87858,306,0.157419864,66
1660138361,2022-08-10T13:32:41Z,ACA536,"49.193798,-124.3536",11975,3.64998,299,0.153818756,66
1660138373,2022-08-10T13:32:53Z,ACA536,"49.200165,-124.331779",11725,3.57378,296,0.152275424,66
1660138387,2022-08-10T13:33:07Z,ACA536,"49.207672,-124.305656",11325,3.45186,291,0.149703204,67
1660138399,2022-08-10T13:33:19Z,ACA536,"49.212479,-124.28157",10975,3.34518,286,0.147130984,76
1660138402,2022-08-10T13:33:22Z,ACA536,"49.213165,-124.276428",10925,3.32994,285,0.14661654,78
1660138405,2022-08-10T13:33:25Z,ACA536,"49.213863,-124.270546",10875,3.3147,283,0.145587652,80
1660138408,2022-08-10T13:33:28Z,ACA536,"49.214466,-124.263756",10800,3.29184,282,0.145073208,82
1660138411,2022-08-10T13:33:31Z,ACA536,"49.21484,-124.258049",10775,3.28422,280,0.14404432,84
1660138413,2022-08-10T13:33:33Z,ACA536,"49.215118,-124.252625",10725,3.26898,278,0.143015432,86
1660138417,2022-08-10T13:33:37Z,ACA536,"49.215317,-124.246353",10675,3.25374,277,0.142500988,88
1660138420,2022-08-10T13:33:40Z,ACA536,"49.215446,-124.240555",10625,3.2385,276,0.141986544,88
1660138423,2022-08-10T13:33:43Z,ACA536,"49.215546,-124.234596",10600,3.23088,275,0.1414721,88
1660138426,2022-08-10T13:33:46Z,ACA536,"49.215679,-124.229492",10550,3.21564,274,0.140957656,87
1660138438,2022-08-10T13:33:58Z,ACA536,"49.21619,-124.205864",10325,3.14706,273,0.140443212,87
1660138450,2022-08-10T13:34:10Z,ACA536,"49.216747,-124.182655",10125,3.0861,271,0.139414324,88
1660138462,2022-08-10T13:34:22Z,ACA536,"49.217285,-124.159378",9900,3.01752,270,0.13889988,88
1660138475,2022-08-10T13:34:35Z,ACA536,"49.217773,-124.13546",9700,2.95656,268,0.137870992,88
1660138487,2022-08-10T13:34:47Z,ACA536,"49.218246,-124.111214",9475,2.88798,268,0.137870992,88
1660138500,2022-08-10T13:35:00Z,ACA536,"49.218658,-124.088264",9275,2.82702,268,0.137870992,88
1660138513,2022-08-10T13:35:13Z,ACA536,"49.219124,-124.064125",9050,2.75844,269,0.138385436,88
1660138525,2022-08-10T13:35:25Z,ACA536,"49.219589,-124.040779",8850,2.69748,269,0.138385436,88
1660138537,2022-08-10T13:35:37Z,ACA536,"49.2201,-124.016777",8625,2.6289,269,0.138385436,88
1660138550,2022-08-10T13:35:50Z,ACA536,"49.220657,-123.994011",8425,2.56794,268,0.137870992,87
1660138562,2022-08-10T13:36:02Z,ACA536,"49.221218,-123.97081",8225,2.50698,267,0.137356548,87
1660138574,2022-08-10T13:36:14Z,ACA536,"49.221775,-123.948402",8025,2.44602,267,0.137356548,87
1660138586,2022-08-10T13:36:26Z,ACA536,"49.222286,-123.926285",7825,2.38506,267,0.137356548,87
1660138598,2022-08-10T13:36:38Z,ACA536,"49.222801,-123.90229",7625,2.3241,267,0.137356548,88
1660138610,2022-08-10T13:36:50Z,ACA536,"49.223236,-123.879791",7400,2.25552,266,0.136842104,88
1660138622,2022-08-10T13:37:02Z,ACA536,"49.223648,-123.856979",7200,2.19456,265,0.13632766,88
1660138634,2022-08-10T13:37:14Z,ACA536,"49.224014,-123.83493",7000,2.1336,262,0.134784328,88
1660138646,2022-08-10T13:37:26Z,ACA536,"49.22438,-123.81282",6825,2.08026,261,0.134269884,88
1660138657,2022-08-10T13:37:37Z,ACA536,"49.224747,-123.791061",6625,2.0193,262,0.134784328,88
1660138670,2022-08-10T13:37:50Z,ACA536,"49.225174,-123.768143",6425,1.95834,263,0.135298772,88
1660138682,2022-08-10T13:38:02Z,ACA536,"49.225594,-123.746605",6225,1.89738,261,0.134269884,88
1660138694,2022-08-10T13:38:14Z,ACA536,"49.226059,-123.723618",6025,1.83642,258,0.132726552,88
1660138706,2022-08-10T13:38:26Z,ACA536,"49.226532,-123.702179",5825,1.77546,255,0.13118322,88
1660138717,2022-08-10T13:38:37Z,ACA536,"49.226898,-123.683098",5675,1.72974,254,0.130668776,88
1660138730,2022-08-10T13:38:50Z,ACA536,"49.227402,-123.658028",5450,1.66116,253,0.130154332,88
1660138741,2022-08-10T13:39:01Z,ACA536,"49.227779,-123.639778",5275,1.60782,252,0.129639888,88
1660138753,2022-08-10T13:39:13Z,ACA536,"49.228134,-123.618515",5075,1.54686,249,0.128096556,88
1660138766,2022-08-10T13:39:26Z,ACA536,"49.2285,-123.595627",4875,1.4859,246,0.126553224,88
1660138774,2022-08-10T13:39:34Z,ACA536,"49.228714,-123.581589",4750,1.4478,244,0.125524336,88
1660138779,2022-08-10T13:39:39Z,ACA536,"49.228867,-123.573235",4675,1.42494,242,0.124495448,88
1660138786,2022-08-10T13:39:46Z,ACA536,"49.228958,-123.56147",4575,1.39446,241,0.123981004,90
1660138792,2022-08-10T13:39:52Z,ACA536,"49.228619,-123.551666",4450,1.35636,240,0.12346656,94
1660138795,2022-08-10T13:39:55Z,ACA536,"49.228245,-123.546249",4400,1.34112,240,0.12346656,96
1660138798,2022-08-10T13:39:58Z,ACA536,"49.227768,-123.541473",4325,1.31826,241,0.123981004,98
1660138801,2022-08-10T13:40:01Z,ACA536,"49.227264,-123.5364",4250,1.2954,241,0.123981004,99
1660138804,2022-08-10T13:40:04Z,ACA536,"49.226665,-123.531212",4200,1.28016,241,0.123981004,99
1660138807,2022-08-10T13:40:07Z,ACA536,"49.226105,-123.526367",4125,1.2573,240,0.12346656,100
1660138810,2022-08-10T13:40:10Z,ACA536,"49.225407,-123.520592",4050,1.23444,239,0.122952116,100
1660138813,2022-08-10T13:40:13Z,ACA536,"49.224895,-123.516396",3975,1.21158,239,0.122952116,100
1660138816,2022-08-10T13:40:16Z,ACA536,"49.224243,-123.511116",3900,1.18872,238,0.122437672,100
1660138819,2022-08-10T13:40:19Z,ACA536,"49.223602,-123.50605",3850,1.17348,235,0.12089434,100
1660138825,2022-08-10T13:40:25Z,ACA536,"49.222382,-123.495728",3700,1.12776,229,0.117807676,100
1660138831,2022-08-10T13:40:31Z,ACA536,"49.221313,-123.486328",3600,1.09728,225,0.1157499,99
1660138837,2022-08-10T13:40:37Z,ACA536,"49.220352,-123.477455",3475,1.05918,219,0.112663236,99
1660138843,2022-08-10T13:40:43Z,ACA536,"49.219299,-123.468018",3375,1.0287,214,0.110091016,99
1660138849,2022-08-10T13:40:49Z,ACA536,"49.218384,-123.459709",3275,0.99822,210,0.10803324,99
1660138855,2022-08-10T13:40:55Z,ACA536,"49.217468,-123.451256",3175,0.96774,206,0.105975464,99
1660138861,2022-08-10T13:41:01Z,ACA536,"49.216377,-123.441658",3050,0.92964,203,0.104432132,99
1660138867,2022-08-10T13:41:07Z,ACA536,"49.2155,-123.433296",2950,0.89916,200,0.1028888,99
1660138873,2022-08-10T13:41:13Z,ACA536,"49.214653,-123.425179",2825,0.86106,197,0.101345468,99
1660138880,2022-08-10T13:41:20Z,ACA536,"49.213676,-123.416435",2725,0.83058,193,0.099287692,99
1660138886,2022-08-10T13:41:26Z,ACA536,"49.212799,-123.408508",2625,0.8001,190,0.09774436,99
1660138892,2022-08-10T13:41:32Z,ACA536,"49.211906,-123.400826",2525,0.76962,186,0.095686584,100
1660138898,2022-08-10T13:41:38Z,ACA536,"49.210976,-123.392799",2425,0.73914,184,0.094657696,99
1660138904,2022-08-10T13:41:44Z,ACA536,"49.210136,-123.385139",2325,0.70866,182,0.093628808,99
1660138910,2022-08-10T13:41:50Z,ACA536,"49.209301,-123.377625",2250,0.6858,177,0.091056588,99
1660138916,2022-08-10T13:41:56Z,ACA536,"49.208416,-123.369888",2150,0.65532,174,0.089513256,99
1660138922,2022-08-10T13:42:02Z,ACA536,"49.207626,-123.362732",2050,0.62484,170,0.08745548,99
1660138928,2022-08-10T13:42:08Z,ACA536,"49.206802,-123.355476",1950,0.59436,168,0.086426592,99
1660138937,2022-08-10T13:42:17Z,ACA536,"49.205612,-123.344917",1825,0.55626,167,0.085912148,99
1660138943,2022-08-10T13:42:23Z,ACA536,"49.204834,-123.337875",1725,0.52578,167,0.085912148,99
1660138950,2022-08-10T13:42:30Z,ACA536,"49.203964,-123.330338",1625,0.4953,166,0.085397704,99
1660138956,2022-08-10T13:42:36Z,ACA536,"49.203186,-123.323296",1550,0.47244,165,0.08488326,99
1660138962,2022-08-10T13:42:42Z,ACA536,"49.202457,-123.31662",1475,0.44958,164,0.084368816,99
1660138968,2022-08-10T13:42:48Z,ACA536,"49.201527,-123.309105",1375,0.4191,161,0.082825484,100
1660138974,2022-08-10T13:42:54Z,ACA536,"49.20076,-123.302444",1275,0.38862,161,0.082825484,99
1660138983,2022-08-10T13:43:03Z,ACA536,"49.199753,-123.293434",1175,0.35814,159,0.081796596,99
1660138989,2022-08-10T13:43:09Z,ACA536,"49.198975,-123.286392",1100,0.33528,155,0.07973882,98
1660138995,2022-08-10T13:43:15Z,ACA536,"49.198334,-123.280266",1000,0.3048,152,0.078195488,99
1660139001,2022-08-10T13:43:21Z,ACA536,"49.197617,-123.273758",900,0.27432,149,0.076652156,99
1660139007,2022-08-10T13:43:27Z,ACA536,"49.196869,-123.267448",825,0.25146,145,0.07459438,100
1660139013,2022-08-10T13:43:33Z,ACA536,"49.196182,-123.261528",775,0.23622,143,0.073565492,100
1660139019,2022-08-10T13:43:39Z,ACA536,"49.195522,-123.255829",700,0.21336,141,0.072536604,100
1660139025,2022-08-10T13:43:45Z,ACA536,"49.194809,-123.249557",625,0.1905,141,0.072536604,100
1660139031,2022-08-10T13:43:51Z,ACA536,"49.194122,-123.243851",525,0.16002,141,0.072536604,99
1660139037,2022-08-10T13:43:57Z,ACA536,"49.193436,-123.237724",450,0.13716,141,0.072536604,99
1660139043,2022-08-10T13:44:03Z,ACA536,"49.192822,-123.231911",400,0.12192,139,0.071507716,99
1660139049,2022-08-10T13:44:09Z,ACA536,"49.192123,-123.225906",325,0.09906,140,0.07202216,99
1660139055,2022-08-10T13:44:15Z,ACA536,"49.191467,-123.220047",250,0.0762,140,0.07202216,99
1660139061,2022-08-10T13:44:21Z,ACA536,"49.190781,-123.214279",175,0.05334,140,0.07202216,100
1660139067,2022-08-10T13:44:27Z,ACA536,"49.190094,-123.208359",100,0.03048,141,0.072536604,99
1660139074,2022-08-10T13:44:34Z,ACA536,"49.189423,-123.202057",25,0.00762,142,0.073051048,99
1660139080,2022-08-10T13:44:40Z,ACA536,"49.188766,-123.196175",0,0,136,0.069964384,99
1660139086,2022-08-10T13:44:46Z,ACA536,"49.188126,-123.19075",0,0,120,0.06173328,100
1660139092,2022-08-10T13:44:52Z,ACA536,"49.187653,-123.186409",0,0,90,0.04629996,101
1660139098,2022-08-10T13:44:58Z,ACA536,"49.187328,-123.183426",0,0,54,0.027779976,101
1660139104,2022-08-10T13:45:04Z,ACA536,"49.187096,-123.18132",0,0,45,0.02314998,98
1660139110,2022-08-10T13:45:10Z,ACA536,"49.186901,-123.179626",0,0,40,0.02057776,101
1660139115,2022-08-10T13:45:15Z,ACA536,"49.186768,-123.178169",0,0,36,0.018519984,95
1660139117,2022-08-10T13:45:17Z,ACA536,"49.186741,-123.177673",0,0,36,0.018519984,92
1660139118,2022-08-10T13:45:18Z,ACA536,"49.186741,-123.177429",0,0,36,0.018519984,90
1660139119,2022-08-10T13:45:19Z,ACA536,"49.186745,-123.177193",0,0,35,0.01800554,87
1660139120,2022-08-10T13:45:20Z,ACA536,"49.186752,-123.176918",0,0,35,0.01800554,84
1660139121,2022-08-10T13:45:21Z,ACA536,"49.186775,-123.176666",0,0,34,0.017491096,81
1660139123,2022-08-10T13:45:23Z,ACA536,"49.186802,-123.176323",0,0,33,0.016976652,78
1660139125,2022-08-10T13:45:25Z,ACA536,"49.18689,-123.175804",0,0,32,0.016462208,75
1660139126,2022-08-10T13:45:26Z,ACA536,"49.186932,-123.175568",0,0,31,0.015947764,73
1660139127,2022-08-10T13:45:27Z,ACA536,"49.186977,-123.175331",0,0,31,0.015947764,70
1660139128,2022-08-10T13:45:28Z,ACA536,"49.187027,-123.175087",0,0,31,0.015947764,70
1660139132,2022-08-10T13:45:32Z,ACA536,"49.187199,-123.174355",0,0,28,0.014404432,70
1660139134,2022-08-10T13:45:34Z,ACA536,"49.187294,-123.173973",0,0,24,0.012346656,70
1660139136,2022-08-10T13:45:36Z,ACA536,"49.187359,-123.173714",0,0,20,0.01028888,70
1660139139,2022-08-10T13:45:39Z,ACA536,"49.187439,-123.173355",0,0,14,0.007202216,70
1660139142,2022-08-10T13:45:42Z,ACA536,"49.1875,-123.173126",0,0,12,0.006173328,64
1660139145,2022-08-10T13:45:45Z,ACA536,"49.187622,-123.17292",0,0,12,0.006173328,47
1660139149,2022-08-10T13:45:49Z,ACA536,"49.187828,-123.172775",0,0,12,0.006173328,16
1660139154,2022-08-10T13:45:54Z,ACA536,"49.188091,-123.172852",0,0,12,0.006173328,337
1660139158,2022-08-10T13:45:58Z,ACA536,"49.188225,-123.173111",0,0,12,0.006173328,303
1660139161,2022-08-10T13:46:01Z,ACA536,"49.188282,-123.173347",0,0,12,0.006173328,286
1660139164,2022-08-10T13:46:04Z,ACA536,"49.188309,-123.173584",0,0,12,0.006173328,281
1660139167,2022-08-10T13:46:07Z,ACA536,"49.188343,-123.173836",0,0,13,0.006687772,278
1660139170,2022-08-10T13:46:10Z,ACA536,"49.188377,-123.174133",0,0,13,0.006687772,278
1660139173,2022-08-10T13:46:13Z,ACA536,"49.188408,-123.174431",0,0,14,0.007202216,278
1660139176,2022-08-10T13:46:16Z,ACA536,"49.188446,-123.174698",0,0,14,0.007202216,278
1660139182,2022-08-10T13:46:22Z,ACA536,"49.188515,-123.175346",0,0,15,0.00771666,278
1660139189,2022-08-10T13:46:29Z,ACA536,"49.188606,-123.176102",0,0,16,0.008231104,278
1660139195,2022-08-10T13:46:35Z,ACA536,"49.18869,-123.176811",0,0,17,0.008745548,278
1660139202,2022-08-10T13:46:42Z,ACA536,"49.188778,-123.17762",0,0,18,0.009259992,278
1660139207,2022-08-10T13:46:47Z,ACA536,"49.188862,-123.178383",0,0,19,0.009774436,278
1660139214,2022-08-10T13:46:54Z,ACA536,"49.188961,-123.179291",0,0,20,0.01028888,278
1660139220,2022-08-10T13:47:00Z,ACA536,"49.18906,-123.180138",0,0,21,0.010803324,278
1660139226,2022-08-10T13:47:06Z,ACA536,"49.189167,-123.181061",0,0,22,0.011317768,278
1660139232,2022-08-10T13:47:12Z,ACA536,"49.189281,-123.182076",0,0,23,0.011832212,278
1660139238,2022-08-10T13:47:18Z,ACA536,"49.189388,-123.183014",0,0,21,0.010803324,278
1660139244,2022-08-10T13:47:24Z,ACA536,"49.189476,-123.1838",0,0,16,0.008231104,278
1660139246,2022-08-10T13:47:26Z,ACA536,"49.189522,-123.184067",0,0,17,0.008745548,284
1660139248,2022-08-10T13:47:28Z,ACA536,"49.189587,-123.184296",0,0,18,0.009259992,292
1660139251,2022-08-10T13:47:31Z,ACA536,"49.189678,-123.184532",0,0,18,0.009259992,303
1660139253,2022-08-10T13:47:33Z,ACA536,"49.189854,-123.184799",0,0,18,0.009259992,317
1660139256,2022-08-10T13:47:36Z,ACA536,"49.190048,-123.185028",0,0,19,0.009774436,323
1660139259,2022-08-10T13:47:39Z,ACA536,"49.190273,-123.185287",0,0,19,0.009774436,323
1660139263,2022-08-10T13:47:43Z,ACA536,"49.190479,-123.185562",0,0,19,0.009774436,320
1660139265,2022-08-10T13:47:45Z,ACA536,"49.190701,-123.185822",0,0,20,0.01028888,320
1660139268,2022-08-10T13:47:48Z,ACA536,"49.190933,-123.186104",0,0,20,0.01028888,323
1660139275,2022-08-10T13:47:55Z,ACA536,"49.191387,-123.186646",0,0,19,0.009774436,323
1660139284,2022-08-10T13:48:04Z,ACA536,"49.191936,-123.187202",0,0,15,0.00771666,337
1660139287,2022-08-10T13:48:07Z,ACA536,"49.192154,-123.187271",0,0,15,0.00771666,354
1660139290,2022-08-10T13:48:10Z,ACA536,"49.19239,-123.187241",0,0,16,0.008231104,5
1660139294,2022-08-10T13:48:14Z,ACA536,"49.192657,-123.187164",0,0,16,0.008231104,8
1660139297,2022-08-10T13:48:17Z,ACA536,"49.192898,-123.187111",0,0,17,0.008745548,11
1660139300,2022-08-10T13:48:20Z,ACA536,"49.193161,-123.187042",0,0,17,0.008745548,11
1660139304,2022-08-10T13:48:24Z,ACA536,"49.193462,-123.186951",0,0,16,0.008231104,11
1660139307,2022-08-10T13:48:27Z,ACA536,"49.19368,-123.186913",0,0,15,0.00771666,2
1660139311,2022-08-10T13:48:31Z,ACA536,"49.193974,-123.187019",0,0,15,0.00771666,340
1660139315,2022-08-10T13:48:35Z,ACA536,"49.194248,-123.187195",0,0,16,0.008231104,337
1660139318,2022-08-10T13:48:38Z,ACA536,"49.194477,-123.187286",0,0,17,0.008745548,345
1660139323,2022-08-10T13:48:43Z,ACA536,"49.194893,-123.187279",0,0,18,0.009259992,8
1660139326,2022-08-10T13:48:46Z,ACA536,"49.195141,-123.187218",0,0,18,0.009259992,11
1660139329,2022-08-10T13:48:49Z,ACA536,"49.195404,-123.187141",0,0,19,0.009774436,11
1660139332,2022-08-10T13:48:52Z,ACA536,"49.195702,-123.187057",0,0,19,0.009774436,11
1660139335,2022-08-10T13:48:55Z,ACA536,"49.195938,-123.187004",0,0,19,0.009774436,11
1660139340,2022-08-10T13:49:00Z,ACA536,"49.196323,-123.186882",0,0,18,0.009259992,14
1660139342,2022-08-10T13:49:02Z,ACA536,"49.19656,-123.186775",0,0,19,0.009774436,16
1660139345,2022-08-10T13:49:05Z,ACA536,"49.1968,-123.186623",0,0,19,0.009774436,22
1660139348,2022-08-10T13:49:08Z,ACA536,"49.197075,-123.186424",0,0,20,0.01028888,28
1660139351,2022-08-10T13:49:11Z,ACA536,"49.197323,-123.186211",0,0,20,0.01028888,30
1660139354,2022-08-10T13:49:14Z,ACA536,"49.197582,-123.185989",0,0,21,0.010803324,28
1660139360,2022-08-10T13:49:20Z,ACA536,"49.198174,-123.185715",0,0,22,0.011317768,11
1660139366,2022-08-10T13:49:26Z,ACA536,"49.198719,-123.185562",0,0,23,0.011832212,8
1660139368,2022-08-10T13:49:28Z,ACA536,"49.19894,-123.185509",0,0,23,0.011832212,11
1660139370,2022-08-10T13:49:30Z,ACA536,"49.199173,-123.185432",0,0,23,0.011832212,11
1660139373,2022-08-10T13:49:33Z,ACA536,"49.199467,-123.185364",0,0,24,0.012346656,8
1660139376,2022-08-10T13:49:36Z,ACA536,"49.19981,-123.18528",0,0,23,0.011832212,8
1660139380,2022-08-10T13:49:40Z,ACA536,"49.200188,-123.185165",0,0,18,0.009259992,11
1660139385,2022-08-10T13:49:45Z,ACA536,"49.200584,-123.185074",0,0,14,0.007202216,8
1660139393,2022-08-10T13:49:53Z,ACA536,"49.200977,-123.184891",0,0,12,0.006173328,28
1660139397,2022-08-10T13:49:57Z,ACA536,"49.201115,-123.184647",0,0,12,0.006173328,56
1660139400,2022-08-10T13:50:00Z,ACA536,"49.201141,-123.184387",0,0,12,0.006173328,81
1660139404,2022-08-10T13:50:04Z,ACA536,"49.201118,-123.184074",0,0,12,0.006173328,95
1660139408,2022-08-10T13:50:08Z,ACA536,"49.201084,-123.183678",0,0,13,0.006687772,98
1660139410,2022-08-10T13:50:10Z,ACA536,"49.201057,-123.183426",0,0,14,0.007202216,101
1660139413,2022-08-10T13:50:13Z,ACA536,"49.201027,-123.183174",0,0,15,0.00771666,101
1660139418,2022-08-10T13:50:18Z,ACA536,"49.200954,-123.182594",0,0,15,0.00771666,101
1660139420,2022-08-10T13:50:20Z,ACA536,"49.200932,-123.182373",0,0,16,0.008231104,101
1660139423,2022-08-10T13:50:23Z,ACA536,"49.200909,-123.182106",0,0,16,0.008231104,101
1660139425,2022-08-10T13:50:25Z,ACA536,"49.200874,-123.181808",0,0,17,0.008745548,101
1660139427,2022-08-10T13:50:27Z,ACA536,"49.20084,-123.181511",0,0,17,0.008745548,101
1660139434,2022-08-10T13:50:34Z,ACA536,"49.200745,-123.180717",0,0,19,0.009774436,101
1660139440,2022-08-10T13:50:40Z,ACA536,"49.200657,-123.179893",0,0,20,0.01028888,101
1660139446,2022-08-10T13:50:46Z,ACA536,"49.200546,-123.178986",0,0,21,0.010803324,101
1660139452,2022-08-10T13:50:52Z,ACA536,"49.200439,-123.17804",0,0,22,0.011317768,101
1660139458,2022-08-10T13:50:58Z,ACA536,"49.200329,-123.177063",0,0,23,0.011832212,101
1660139464,2022-08-10T13:51:04Z,ACA536,"49.200211,-123.176033",0,0,24,0.012346656,101
1660139473,2022-08-10T13:51:13Z,ACA536,"49.200047,-123.174606",0,0,25,0.0128611,101
1660139479,2022-08-10T13:51:19Z,ACA536,"49.199924,-123.173538",0,0,23,0.011832212,101
1660139485,2022-08-10T13:51:25Z,ACA536,"49.199825,-123.172676",0,0,19,0.009774436,101
1660139494,2022-08-10T13:51:34Z,ACA536,"49.199707,-123.171738",0,0,11,0.005658884,106
1660139498,2022-08-10T13:51:38Z,ACA536,"49.199581,-123.171478",0,0,12,0.006173328,132
1660139503,2022-08-10T13:51:43Z,ACA536,"49.199295,-123.171371",0,0,13,0.006687772,180
1660139511,2022-08-10T13:51:51Z,ACA536,"49.198814,-123.171738",0,0,15,0.00771666,202
1660139514,2022-08-10T13:51:54Z,ACA536,"49.198593,-123.171829",0,0,15,0.00771666,191
1660139518,2022-08-10T13:51:58Z,ACA536,"49.198372,-123.17186",0,0,15,0.00771666,185
1660139521,2022-08-10T13:52:01Z,ACA536,"49.198093,-123.171883",0,0,16,0.008231104,180
1660139525,2022-08-10T13:52:05Z,ACA536,"49.19783,-123.171898",0,0,16,0.008231104,180
1660139528,2022-08-10T13:52:08Z,ACA536,"49.197624,-123.171898",0,0,15,0.00771666,180
1660139531,2022-08-10T13:52:11Z,ACA536,"49.197418,-123.171898",0,0,14,0.007202216,180
1660139535,2022-08-10T13:52:15Z,ACA536,"49.197189,-123.171898",0,0,12,0.006173328,180
1660139541,2022-08-10T13:52:21Z,ACA536,"49.196903,-123.171951",0,0,10,0.00514444,188
1660139546,2022-08-10T13:52:26Z,ACA536,"49.196686,-123.172096",0,0,11,0.005658884,208
1660139550,2022-08-10T13:52:30Z,ACA536,"49.196548,-123.172318",0,0,11,0.005658884,227
1660139556,2022-08-10T13:52:36Z,ACA536,"49.196487,-123.172729",0,0,6,0.003086664,264
1660139562,2022-08-10T13:52:42Z,ACA536,"49.196503,-123.172974",0,0,6,0.003086664,272
1660139567,2022-08-10T13:52:47Z,ACA536,"49.19651,-123.173203",0,0,7,0.003601108,275
