<?xml version = "1.0" encoding = "UTF-8" standalone = "yes"?>
<TimelineLine_Prefs STK_version = "12.6.0">
    <Views Type = "Content">
        <ContentView Name = "Scenario Availability">
            <Row ClassName = "Scenario" ComponentName = "AvailabilityIntervals" DisplayName = "ME5960_Project_MovieFile AvailabilityIntervals" IsDefaultName = "True" IsExpanded = "False" IsGroup = "False" IsHidden = "False" Path = "/Application/STK/Scenario/ME5960_Project_MovieFile" Type = "IntervalList">
                <Interval Name = "ME5960_Project_MovieFile AvailabilityIntervals" StartTime = "9 Aug 2022 18:00:00.000" StopTime = "11 Apr 2023 23:00:00.000" />
            </Row>
            <Row ClassName = "Access" ComponentName = "AccessIntervals" DisplayName = "Satellite-Starlink22-To-Satellite-Starlink21 AccessIntervals" IsDefaultName = "True" IsExpanded = "False" IsGroup = "False" IsHidden = "False" Path = "Access:/Application/STK/Scenario/ME5960_Project_MovieFile/Satellite/Starlink22;/Application/STK/Scenario/ME5960_Project_MovieFile/Satellite/Starlink21" Type = "IntervalList">
                <Interval Name = "Satellite-Starlink22-To-Satellite-Starlink21 AccessIntervals" StartTime = "10 Aug 2022 02:29:24.000" StopTime = "10 Aug 2022 14:29:24.000" />
            </Row>
            <Row ClassName = "Access" ComponentName = "AccessIntervals" DisplayName = "Aircraft-Aircraft1-To-Satellite-STARLINK-4304_534141 AccessIntervals" IsDefaultName = "True" IsExpanded = "False" IsGroup = "False" IsHidden = "False" Path = "Access:/Application/STK/Scenario/ME5960_Project_MovieFile/Aircraft/Aircraft1;/Application/STK/Scenario/ME5960_Project_MovieFile/Satellite/STARLINK-4304_534141" Type = "IntervalList">
                <Interval Name = "Aircraft-Aircraft1-To-Satellite-STARLINK-4304_534141 AccessIntervals" StartTime = "10 Aug 2022 11:33:30.609" StopTime = "10 Aug 2022 11:41:40.104" />
            </Row>
        </ContentView>
    </Views>
    <Views Type = "Time">
        <TimeView FullViewRulerStartTime = "0.000000" FullViewRulerStopTime = "0.000000" GlobalIntervalComp = "AnalysisInterval" GlobalIntervalCompPath = "/Application/STK/Scenario/ME5960_Project_MovieFile" GlobalStartOffset = "0.000000" GlobalStartTime = "9 Aug 2022 18:00:00.000" GlobalStopOffset = "0.000000" GlobalStopTime = "11 Apr 2023 23:00:00.000" MaxFullViewTime = "0.000000" MinFullViewTime = "0.000000" Name = "Scenario Analysis Period" ViewportStartTime = "0.000000" ViewportStopTime = "0.000000" />
    </Views>
</TimelineLine_Prefs>